{
  "kpi_weights": {
    "sales_volume": {
      "name": "Satış Hacmi",
      "weight": 60,
      "min_threshold": 0.85,
      "max_threshold": 1.65
    },
    "distribution": {
      "name": "Dağılım",
      "weight": 15,
      "min_threshold": 0.85,
      "max_threshold": 1.65
    },
    "route_compliance": {
      "name": "Rota Uyumu",
      "weight": 15,
      "min_threshold": 0.85,
      "max_threshold": 1.65
    },
    "order_success": {
      "name": "Sipariş Başarısı",
      "weight": 10,
      "min_threshold": 0.85,
      "max_threshold": 1.65
    }
  },
  "bonus_threshold": 85,
  "calculation_period": "quarterly",
  "notes": {
    "tr": "Toplam ağırlık 100 olmalı. Prim eşiği altında kalanlar prim alamaz.",
    "en": "Total weight must be 100. Those below bonus threshold are not eligible."
  }
}
